<beans 
xmlns="http://www.springframework.org/schema/beans"
	xmlns:xsi="http://www.w3.org/2001/XMLSchema-instance"
	xmlns:context="http://www.springframework.org/schema/context"
	xmlns:mvc="http://www.springframework.org/schema/mvc"
	xsi:schemaLocation="http://www.springframework.org/schema/beans
	http://www.springframework.org/schema/beans/spring-beans-2.5.xsd
	http://www.springframework.org/schema/context
	http://www.springframework.org/schema/context/spring-context-2.5.xsd
	http://www.springframework.org/schema/mvc
     http://www.springframework.org/schema/mvc/spring-mvc.xsd">
     <mvc:annotation-driven/>
     <context:annotation-config/>
     <context:component-scan base-package="com.mytech" />
	<!-- <bean name="/sendForm.htm" class="com.mytech.MyController"></bean> -->	
    <bean name="viewResolver" class="org.springframework.web.servlet.view.InternalResourceViewResolver" >
        <property name="prefix"  value="/"/>
        <property name="suffix" value=".jsp"/>
    </bean>
</beans>